,brand,product,color,rgb,rgb0,hex,x,y,r0,g0,b0
0,HUDA BEAUTY,Power Bullet Lipstick,Ladies Night,"(113, 40, 47)","(255, 0, 24)",#71282f,164,113,255,0,24
1,HUDA BEAUTY,Power Bullet Lipstick,Pay Day,"(158, 79, 84)","(255, 0, 16)",#9e4f54,127,158,255,0,16
2,HUDA BEAUTY,Power Bullet Lipstick,Third Date,"(163, 79, 77)","(255, 6, 0)",#a34f4d,134,163,255,6,0
3,HUDA BEAUTY,Power Bullet Lipstick,Joyride,"(165, 96, 89)","(255, 23, 0)",#a56059,117,165,255,23,0
4,HUDA BEAUTY,Power Bullet Lipstick,Interview,"(189, 102, 93)","(255, 24, 0)",#bd665d,129,189,255,24,0
5,HUDA BEAUTY,Power Bullet Lipstick,Pool Party,"(162, 83, 89)","(255, 0, 19)",#a25359,124,162,255,0,19
6,HUDA BEAUTY,Power Bullet Lipstick,Graduation Day,"(149, 79, 69)","(255, 32, 0)",#954f45,136,149,255,32,0
7,HUDA BEAUTY,Power Bullet Lipstick,Promotion Day,"(147, 62, 59)","(255, 9, 0)",#933e3b,152,147,255,9,0
8,HUDA BEAUTY,Power Bullet Lipstick,El Cinco De Mayo,"(160, 56, 47)","(255, 20, 0)",#a0382f,180,160,255,20,0
9,HUDA BEAUTY,Power Bullet Lipstick,Bachelorette,"(190, 62, 85)","(255, 0, 46)",#be3e55,171,190,255,0,46
10,HUDA BEAUTY,Power Bullet Lipstick,Spring Break,"(213, 77, 81)","(255, 0, 7)",#d54d51,162,213,255,0,7
11,HUDA BEAUTY,Power Bullet Lipstick,Honeymoon,"(176, 80, 82)","(255, 0, 5)",#b05052,139,176,255,0,5
12,HUDA BEAUTY,Power Bullet Lipstick,Rendez-Vous,"(189, 104, 99)","(255, 14, 0)",#bd6863,121,189,255,14,0
13,HUDA BEAUTY,Power Bullet Lipstick,Staycation,"(176, 121, 100)","(255, 70, 0)",#b07964,110,176,255,70,0
14,HUDA BEAUTY,Power Bullet Lipstick,Anniversary,"(194, 132, 111)","(255, 65, 0)",#c2846f,109,194,255,65,0
15,HUDA BEAUTY,Power Bullet Lipstick,Wedding day (3 g),"(178, 83, 77)","(255, 15, 0)",#b2534d,144,178,255,15,0
16,HUDA BEAUTY,Power Bullet Lipstick,Dirty Thirty (3 g),"(168, 102, 104)","(255, 0, 8)",#a86668,100,168,255,0,8
17,HUDA BEAUTY,Power Bullet Lipstick,Game Night (3 g),"(164, 96, 77)","(255, 56, 0)",#a4604d,135,164,255,56,0
18,HUDA BEAUTY,Power Bullet Lipstick,Prom Night (3 g),"(199, 115, 105)","(255, 27, 0)",#c77369,120,199,255,27,0
19,HUDA BEAUTY,Power Bullet Lipstick,Girls Trip (3 g),"(187, 110, 104)","(255, 18, 0)",#bb6e68,113,187,255,18,0
20,HUDA BEAUTY,Power Bullet Lipstick,Last Night (3 g),"(162, 102, 78)","(255, 73, 0)",#a2664e,132,162,255,73,0
21,FENTY BEAUTY BY RIHANNA,Mattemoiselle Plush Matte Läppstift,GRISELDA,"(79, 26, 36)","(255, 0, 48)",#4f1a24,171,79,255,0,48
22,FENTY BEAUTY BY RIHANNA,Mattemoiselle Plush Matte Läppstift,SPANKED,"(188, 76, 88)","(255, 0, 27)",#bc4c58,151,188,255,0,27
23,FENTY BEAUTY BY RIHANNA,Mattemoiselle Plush Matte Läppstift,YA DIG?!,"(104, 131, 198)","(0, 73, 255)",#6883c6,121,198,0,73,255
24,FENTY BEAUTY BY RIHANNA,Mattemoiselle Plush Matte Läppstift,MIDNIGHT WASABI,"(79, 97, 73)","(64, 255, 0)",#4f6149,63,97,64,255,0
25,FENTY BEAUTY BY RIHANNA,Mattemoiselle Plush Matte Läppstift,ONE OF THE BOYZ,"(171, 139, 206)","(122, 0, 255)",#ab8bce,82,206,122,0,255
26,FENTY BEAUTY BY RIHANNA,Mattemoiselle Plush Matte Läppstift,FRECKLE FIESTA,"(181, 106, 83)","(255, 60, 0)",#b56a53,138,181,255,60,0
27,FENTY BEAUTY BY RIHANNA,Mattemoiselle Plush Matte Läppstift,PMS,"(94, 56, 43)","(255, 65, 0)",#5e382b,138,94,255,65,0
28,FENTY BEAUTY BY RIHANNA,Mattemoiselle Plush Matte Läppstift,SHAWTY,"(159, 87, 63)","(255, 64, 0)",#9f573f,153,159,255,64,0
29,FENTY BEAUTY BY RIHANNA,Mattemoiselle Plush Matte Läppstift,Tiger Tini,"(221, 51, 36)","(255, 21, 0)",#dd3324,213,221,255,21,0
30,FENTY BEAUTY BY RIHANNA,Mattemoiselle Plush Matte Läppstift,Pumpkin Rose,"(203, 110, 43)","(255, 107, 0)",#cb6e2b,200,203,255,107,0
31,FENTY BEAUTY BY RIHANNA,Mattemoiselle Plush Matte Läppstift,THICC,"(176, 93, 101)","(255, 0, 25)",#b05d65,120,176,255,0,25
32,FENTY BEAUTY BY RIHANNA,Mattemoiselle Plush Matte Läppstift,Ballerina Blackout,"(221, 123, 161)","(255, 0, 99)",#dd7ba1,113,221,255,0,99
33,FENTY BEAUTY BY RIHANNA,Mattemoiselle Plush Matte Läppstift,Dragon Mami,"(219, 57, 72)","(255, 0, 24)",#db3948,188,219,255,0,24
34,MILK MAKEUP,Lip + Cheek Mini Stick,Werk - Dusty Rose (6 g),"(223, 134, 130)","(255, 11, 0)",#df8682,106,223,255,11,0
35,MILK MAKEUP,Lip + Cheek Mini Stick,Quirk - Berry (6 g),"(175, 60, 63)","(255, 0, 7)",#af3c3f,167,175,255,0,7
36,MILK MAKEUP,Lip + Cheek Mini Stick,Flip - True Red (6 g),"(244, 66, 88)","(255, 0, 32)",#f44258,186,244,255,0,32
37,MILK MAKEUP,Lip + Cheek Mini Stick,Rally (6 g),"(218, 112, 148)","(255, 0, 87)",#da7094,123,218,255,0,87
38,MILK MAKEUP,Lip + Cheek Mini Stick,Perk (6 g),"(248, 106, 102)","(255, 7, 0)",#f86a66,150,248,255,7,0
39,MILK MAKEUP,Lip + Cheek Mini Stick,Quickie (6 g),"(76, 20, 31)","(255, 0, 50)",#4c141f,187,76,255,0,50
40,MILK MAKEUP,Lip + Cheek Mini Stick,Swerve (6 g),"(162, 65, 46)","(255, 42, 0)",#a2412e,182,162,255,42,0
41,NUDESTIX,Nudies Bloom All Over Dewy Color,Rusty Rouge (7 g),"(166, 68, 39)","(255, 58, 0)",#a64427,195,166,255,58,0
42,NUDESTIX,Nudies Bloom All Over Dewy Color,Bohemian rose (7 g),"(182, 66, 79)","(255, 0, 29)",#b6424f,162,182,255,0,29
43,NUDESTIX,Nudies Bloom All Over Dewy Color,NUDIES BLOOM CRIMSON LOVER,"(140, 58, 44)","(255, 37, 0)",#8c3a2c,174,140,255,37,0
44,RARE BEAUTY,Lip Soufflé Matte Lip Cream,"Inspire (3,9 ml)","(202, 60, 59)","(255, 2, 0)",#ca3c3b,180,202,255,2,0
45,RARE BEAUTY,Lip Soufflé Matte Lip Cream,"Fearless (3,9 ml)","(138, 68, 66)","(255, 7, 0)",#8a4442,133,138,255,7,0
46,RARE BEAUTY,Lip Soufflé Matte Lip Cream,"Energize (3,9 ml)","(214, 90, 118)","(255, 0, 58)",#d65a76,147,214,255,0,58
47,RARE BEAUTY,Lip Soufflé Matte Lip Cream,"Courage (3,9 ml)","(175, 107, 96)","(255, 36, 0)",#af6b60,115,175,255,36,0
48,RARE BEAUTY,Lip Soufflé Matte Lip Cream,"Heroic (3,9 ml)","(150, 14, 64)","(255, 0, 94)",#960e40,231,150,255,0,94
49,RARE BEAUTY,Lip Soufflé Matte Lip Cream,"Brave (3,9 ml)","(179, 89, 62)","(255, 59, 0)",#b3593e,166,179,255,59,0
50,RARE BEAUTY,Lip Soufflé Matte Lip Cream,"Transform (3,9 ml)","(130, 28, 42)","(255, 0, 35)",#821c2a,200,130,255,0,35
51,RARE BEAUTY,Lip Soufflé Matte Lip Cream,"Daring (3,9 ml)","(187, 118, 147)","(255, 0, 107)",#bb7693,94,187,255,0,107
52,RARE BEAUTY,Lip Soufflé Matte Lip Cream,"Thrilling (3,9 ml)","(118, 74, 63)","(255, 51, 0)",#764a3f,118,118,255,51,0
53,RARE BEAUTY,Lip Soufflé Matte Lip Cream,"Ascend (3,9 ml)","(221, 29, 115)","(255, 0, 114)",#dd1d73,221,221,255,0,114
54,RARE BEAUTY,Lip Soufflé Matte Lip Cream,"Strengthen (3,9 ml)","(132, 48, 81)","(255, 0, 100)",#843051,162,132,255,0,100
55,RARE BEAUTY,Lip Soufflé Matte Lip Cream,"Motivate (3,9 ml)","(212, 67, 100)","(255, 0, 58)",#d44364,174,212,255,0,58
56,DIOR,"Rouge Dior Refillbart läppstift- Satin, matt, mettalic och sammetsfinish","028 Actrice - Satin (3,5 g)","(225, 63, 74)","(255, 0, 17)",#e13f4a,183,225,255,0,17
57,DIOR,"Rouge Dior Refillbart läppstift- Satin, matt, mettalic och sammetsfinish","080 Red Smile - Satin (3,5 g)","(217, 37, 36)","(255, 1, 0)",#d92524,212,217,255,1,0
58,DIOR,"Rouge Dior Refillbart läppstift- Satin, matt, mettalic och sammetsfinish","219 Rose Montaigne - Satin (3,5 g)","(216, 133, 119)","(255, 37, 0)",#d88577,114,216,255,37,0
59,DIOR,"Rouge Dior Refillbart läppstift- Satin, matt, mettalic och sammetsfinish","277 Osée - Satin (3,5 g)","(218, 112, 132)","(255, 0, 48)",#da7084,123,218,255,0,48
60,DIOR,"Rouge Dior Refillbart läppstift- Satin, matt, mettalic och sammetsfinish","365 New World - Satin (3,5 g)","(238, 111, 104)","(255, 13, 0)",#ee6f68,143,238,255,13,0
61,DIOR,"Rouge Dior Refillbart läppstift- Satin, matt, mettalic och sammetsfinish","434 Promenade - Satin (3,5 g)","(197, 104, 97)","(255, 18, 0)",#c56861,129,197,255,18,0
62,DIOR,"Rouge Dior Refillbart läppstift- Satin, matt, mettalic och sammetsfinish","453 Adorée - Satin (3,5 g)","(223, 32, 39)","(255, 0, 9)",#df2027,218,223,255,0,9
63,DIOR,"Rouge Dior Refillbart läppstift- Satin, matt, mettalic och sammetsfinish","520 Feel Good - Satin (3,5 g)","(223, 1, 52)","(255, 0, 59)",#df0134,253,223,255,0,59
64,DIOR,"Rouge Dior Refillbart läppstift- Satin, matt, mettalic och sammetsfinish","644 Sydney - Satin (3,5 g)","(183, 62, 67)","(255, 0, 11)",#b73e43,168,183,255,0,11
65,DIOR,"Rouge Dior Refillbart läppstift- Satin, matt, mettalic och sammetsfinish","663 Désir - Satin (3,5 g)","(208, 83, 99)","(255, 0, 33)",#d05363,153,208,255,0,33
66,DIOR,"Rouge Dior Refillbart läppstift- Satin, matt, mettalic och sammetsfinish","683 Rendez-vous - Satin (3,5 g)","(203, 95, 93)","(255, 5, 0)",#cb5f5d,138,203,255,5,0
67,DIOR,"Rouge Dior Refillbart läppstift- Satin, matt, mettalic och sammetsfinish","743 Rouge Zinnia - Satin (3,5 g)","(194, 26, 43)","(255, 0, 26)",#c21a2b,220,194,255,0,26
68,DIOR,"Rouge Dior Refillbart läppstift- Satin, matt, mettalic och sammetsfinish","766 Rose Harpers - Satin (3,5 g)","(221, 32, 88)","(255, 0, 76)",#dd2058,218,221,255,0,76
69,DIOR,"Rouge Dior Refillbart läppstift- Satin, matt, mettalic och sammetsfinish","844 Trafalgar - Satin (3,5 g)","(221, 48, 8)","(255, 48, 0)",#dd3008,245,221,255,48,0
70,DIOR,"Rouge Dior Refillbart läppstift- Satin, matt, mettalic och sammetsfinish","849 Rouge Cinéma - Satin (3,5 g)","(171, 55, 32)","(255, 42, 0)",#ab3720,207,171,255,42,0
71,DIOR,"Rouge Dior Refillbart läppstift- Satin, matt, mettalic och sammetsfinish","869 Sophisticated - Satin (3,5 g)","(162, 37, 31)","(255, 12, 0)",#a2251f,206,162,255,12,0
72,HUDA BEAUTY,Liquid Matte Minis Kit Ultra-comfort Transfer-proof Long Wear Matte Lipsticks,"Lip Kit (4 x 1,9 ml)","(161, 41, 50)","(255, 0, 19)",#a12932,190,161,255,0,19
73,DIOR,"Rouge Dior Refillbart läppstift- Satin, matt, mettalic och sammetsfinish","959 Charnelle - Satin (3,5 g)","(158, 54, 51)","(255, 7, 0)",#9e3633,172,158,255,7,0
74,DIOR,"Rouge Dior Refillbart läppstift- Satin, matt, mettalic och sammetsfinish","999 - Satin (3,5 g)","(187, 7, 16)","(255, 0, 13)",#bb0710,245,187,255,0,13
75,DIOR,"Rouge Dior Refillbart läppstift- Satin, matt, mettalic och sammetsfinish","525 Chérie - Metallic (3,5 g)","(189, 69, 78)","(255, 0, 19)",#bd454e,161,189,255,0,19
76,DIOR,"Rouge Dior Refillbart läppstift- Satin, matt, mettalic och sammetsfinish","678 Culte - Metallic (3,5 g)","(217, 65, 112)","(255, 0, 79)",#d94170,178,217,255,0,79
77,DIOR,"Rouge Dior Refillbart läppstift- Satin, matt, mettalic och sammetsfinish","999 - Metallic (3,5 g)","(215, 36, 39)","(255, 0, 4)",#d72427,212,215,255,0,4
78,DIOR,"Rouge Dior Refillbart läppstift- Satin, matt, mettalic och sammetsfinish","100 Nude Look - Mat (3,5 g)","(210, 128, 130)","(255, 0, 6)",#d28082,99,210,255,0,6
79,DIOR,"Rouge Dior Refillbart läppstift- Satin, matt, mettalic och sammetsfinish","314 Grand Bal (3,5 g)","(201, 106, 76)","(255, 61, 0)",#c96a4c,158,201,255,61,0
80,DIOR,"Rouge Dior Refillbart läppstift- Satin, matt, mettalic och sammetsfinish","505 Sensual - Mat (3,5 g)","(205, 137, 134)","(255, 11, 0)",#cd8986,88,205,255,11,0
81,DIOR,"Rouge Dior Refillbart läppstift- Satin, matt, mettalic och sammetsfinish","772 Classic- Mat (3,5 g)","(206, 111, 119)","(255, 0, 21)",#ce6f77,117,206,255,0,21
82,DIOR,"Rouge Dior Refillbart läppstift- Satin, matt, mettalic och sammetsfinish","846 Concorde - Mat (3,5 g)","(199, 63, 41)","(255, 36, 0)",#c73f29,202,199,255,36,0
83,DIOR,"Rouge Dior Refillbart läppstift- Satin, matt, mettalic och sammetsfinish","888 Strong Red - Mat (3,5 g)","(217, 53, 52)","(255, 2, 0)",#d93534,193,217,255,2,0
84,DIOR,"Rouge Dior Refillbart läppstift- Satin, matt, mettalic och sammetsfinish","964 Ambitious - Mat (3,5 g)","(171, 84, 93)","(255, 0, 26)",#ab545d,129,171,255,0,26
85,DIOR,"Rouge Dior Refillbart läppstift- Satin, matt, mettalic och sammetsfinish","999 - Mat (3,5 g)","(204, 55, 49)","(255, 10, 0)",#cc3731,193,204,255,10,0
86,DIOR,"Rouge Dior Refillbart läppstift- Satin, matt, mettalic och sammetsfinish","720 Icone - Velvet (3,5 g)","(190, 77, 71)","(255, 13, 0)",#be4d47,159,190,255,13,0
87,DIOR,"Rouge Dior Refillbart läppstift- Satin, matt, mettalic och sammetsfinish","760 Favorite - Velvet (3,5 g)","(182, 35, 41)","(255, 0, 10)",#b62329,205,182,255,0,10
88,DIOR,"Rouge Dior Refillbart läppstift- Satin, matt, mettalic och sammetsfinish","886 Enigmatic - Velours (3,5 g)","(116, 51, 59)","(255, 0, 31)",#74333b,142,116,255,0,31
89,DIOR,"Rouge Dior Refillbart läppstift- Satin, matt, mettalic och sammetsfinish","999 - Velvet (3,5 g)","(209, 39, 26)","(255, 18, 0)",#d1271a,223,209,255,18,0
90,DIOR,"Rouge Dior Refillbart läppstift- Satin, matt, mettalic och sammetsfinish","241 Pink Sakura - Satin (3,5 g)","(225, 125, 123)","(255, 5, 0)",#e17d7b,115,225,255,5,0
91,DIOR,"Rouge Dior Refillbart läppstift- Satin, matt, mettalic och sammetsfinish","348 Coral Peony - Satin (3,5 g)","(240, 127, 93)","(255, 59, 0)",#f07f5d,156,240,255,59,0
92,SEPHORA COLLECTION,Cream Lip Stain Liquid Lipstick,01 Always Red,"(237, 36, 44)","(255, 0, 10)",#ed242c,216,237,255,0,10
93,HUDA BEAUTY,Liquid Matte Ultra-comfort Transfer-proof Long Wear Matte Lipstick,"Wifey (4,2 ml)","(202, 131, 129)","(255, 7, 0)",#ca8381,92,202,255,7,0
94,FENTY BEAUTY BY RIHANNA,Poutsicle Juicy Satin Lipstick,Motorboat (3 g),"(89, 155, 233)","(0, 117, 255)",#599be9,157,233,0,117,255
95,SEPHORA COLLECTION,Cream Lip Stain Liquid Lipstick,02 Classsic Beige,"(207, 157, 148)","(255, 39, 0)",#cf9d94,72,207,255,39,0
96,SEPHORA COLLECTION,Cream Lip Stain Liquid Lipstick,03 Strawberry Kissed,"(238, 104, 129)","(255, 0, 48)",#ee6881,143,238,255,0,48
97,SEPHORA COLLECTION,Cream Lip Stain Liquid Lipstick,04 Endless Purple,"(185, 118, 135)","(255, 0, 65)",#b97687,92,185,255,0,65
98,SEPHORA COLLECTION,Cream Lip Stain Liquid Lipstick,05 Infinite Rose,"(234, 164, 154)","(255, 32, 0)",#eaa49a,87,234,255,32,0
99,SEPHORA COLLECTION,Cream Lip Stain Liquid Lipstick,06 Pink Soufflé,"(213, 153, 165)","(255, 0, 51)",#d599a5,71,213,255,0,51
100,SEPHORA COLLECTION,Cream Lip Stain Liquid Lipstick,09 Watermelon Slice,"(240, 121, 125)","(255, 0, 9)",#f0797d,126,240,255,0,9
101,SEPHORA COLLECTION,Cream Lip Stain Liquid Lipstick,13 Marvelous Mauve,"(203, 137, 141)","(255, 0, 15)",#cb898d,82,203,255,0,15
102,SEPHORA COLLECTION,Cream Lip Stain Liquid Lipstick,14 Blackberry Sorbet,"(145, 80, 88)","(255, 0, 31)",#915058,114,145,255,0,31
103,SEPHORA COLLECTION,Cream Lip Stain Liquid Lipstick,16 Cherry Nectar,"(175, 103, 125)","(255, 0, 78)",#af677d,104,175,255,0,78
104,SEPHORA COLLECTION,Cream Lip Stain Liquid Lipstick,17 Dark-Red,"(196, 103, 114)","(255, 0, 30)",#c46772,120,196,255,0,30
105,SEPHORA COLLECTION,Cream Lip Stain Liquid Lipstick,23 Copper Blush,"(206, 157, 150)","(255, 32, 0)",#ce9d96,69,206,255,32,0
106,SEPHORA COLLECTION,Cream Lip Stain Liquid Lipstick,24 Burnt Sienna,"(179, 120, 126)","(255, 0, 26)",#b3787e,84,179,255,0,26
107,HUDA BEAUTY,Liquid Matte Ultra-comfort Transfer-proof Long Wear Matte Lipstick,"Bombshell (4,2 ml)","(182, 93, 87)","(255, 16, 0)",#b65d57,133,182,255,16,0
108,HUDA BEAUTY,Liquid Matte Ultra-comfort Transfer-proof Long Wear Matte Lipstick,"Venus (4,2 ml)","(175, 112, 103)","(255, 32, 0)",#af7067,104,175,255,32,0
109,HUDA BEAUTY,Liquid Matte Ultra-comfort Transfer-proof Long Wear Matte Lipstick,"Trendsetter (4,2 ml)","(163, 90, 81)","(255, 28, 0)",#a35a51,128,163,255,28,0
110,HUDA BEAUTY,Liquid Matte Ultra-comfort Transfer-proof Long Wear Matte Lipstick,"Trophy Wife (4,2 ml)","(157, 61, 98)","(255, 0, 98)",#9d3d62,155,157,255,0,98
111,HUDA BEAUTY,Liquid Matte Ultra-comfort Transfer-proof Long Wear Matte Lipstick,"Muse (4,2 ml)","(198, 105, 134)","(255, 0, 80)",#c66986,119,198,255,0,80
112,HUDA BEAUTY,Liquid Matte Ultra-comfort Transfer-proof Long Wear Matte Lipstick,"Icon (4,2 ml)","(202, 52, 77)","(255, 0, 42)",#ca344d,189,202,255,0,42
113,HUDA BEAUTY,Liquid Matte Ultra-comfort Transfer-proof Long Wear Matte Lipstick,"Famous (4,2 ml)","(121, 43, 56)","(255, 0, 42)",#792b38,164,121,255,0,42
114,HUDA BEAUTY,Liquid Matte Ultra-comfort Transfer-proof Long Wear Matte Lipstick,"Perfectionist (4,2 ml)","(219, 127, 132)","(255, 0, 14)",#db7f84,107,219,255,0,14
115,HUDA BEAUTY,Liquid Matte Ultra-comfort Transfer-proof Long Wear Matte Lipstick,"First Class (4,2 ml)","(142, 65, 71)","(255, 0, 20)",#8e4147,138,142,255,0,20
116,HUDA BEAUTY,Liquid Matte Ultra-comfort Transfer-proof Long Wear Matte Lipstick,"Baby Doll (4,2 ml)","(220, 122, 137)","(255, 0, 39)",#dc7a89,113,220,255,0,39
117,HUDA BEAUTY,Liquid Matte Ultra-comfort Transfer-proof Long Wear Matte Lipstick,"Sweet Talker (4,2 ml)","(199, 123, 123)","(255, 0, 0)",#c77b7b,97,199,255,0,0
118,HUDA BEAUTY,Liquid Matte Ultra-comfort Transfer-proof Long Wear Matte Lipstick,"Sugar Boo (4,2 ml)","(216, 139, 113)","(255, 64, 0)",#d88b71,121,216,255,64,0
119,HUDA BEAUTY,Liquid Matte Ultra-comfort Transfer-proof Long Wear Matte Lipstick,"Drama Mama (4,2 ml)","(122, 46, 46)","(255, 0, 0)",#7a2e2e,158,122,255,0,0
120,HUDA BEAUTY,Liquid Matte Ultra-comfort Transfer-proof Long Wear Matte Lipstick,"Miss America (4,2 ml)","(197, 15, 38)","(255, 0, 32)",#c50f26,235,197,255,0,32
121,HUDA BEAUTY,Liquid Matte Ultra-comfort Transfer-proof Long Wear Matte Lipstick,"Slaytina (4,2 ml)","(230, 51, 18)","(255, 40, 0)",#e63312,235,230,255,40,0
122,FENTY BEAUTY BY RIHANNA,Poutsicle Juicy Satin Lipstick,Go Deep (3 g),"(45, 96, 143)","(0, 133, 255)",#2d608f,174,143,0,133,255
123,FENTY BEAUTY BY RIHANNA,Poutsicle Juicy Satin Lipstick,Purpsicle (3 g),"(179, 31, 181)","(252, 0, 255)",#b31fb5,211,181,252,0,255
124,FENTY BEAUTY BY RIHANNA,Gloss Bomb Dip Clip-On Universal Lip Gloss,Fenty Glow (6 gr),"(158, 86, 74)","(255, 36, 0)",#9e564a,135,158,255,36,0
125,SEPHORA COLLECTION,Cream Lip Stain Liquid Lipstick,25 Coral Sunset,"(128, 59, 43)","(255, 48, 0)",#803b2b,169,128,255,48,0
126,SEPHORA COLLECTION,Cream Lip Stain Liquid Lipstick,26 Pretty Auburn,"(152, 114, 103)","(255, 57, 0)",#987267,82,152,255,57,0
127,SEPHORA COLLECTION,Cream Lip Stain Liquid Lipstick,28 Night Bird,"(92, 92, 90)","(255, 255, 0)",#5c5c5a,5,92,255,255,0
128,SEPHORA COLLECTION,Cream Lip Stain Liquid Lipstick,29 Dark Forest,"(91, 106, 103)","(0, 255, 204)",#5b6a67,36,106,0,255,204
129,SEPHORA COLLECTION,Cream Lip Stain Liquid Lipstick,33 Pink Peony,"(182, 138, 127)","(255, 51, 0)",#b68a7f,77,182,255,51,0
130,SEPHORA COLLECTION,Cream Lip Stain Liquid Lipstick,37 Pink Frosting,"(185, 151, 150)","(255, 7, 0)",#b99796,48,185,255,7,0
131,SEPHORA COLLECTION,Cream Lip Stain Liquid Lipstick,38 Sweet Raspberry,"(192, 115, 147)","(255, 0, 106)",#c07393,102,192,255,0,106
132,SEPHORA COLLECTION,Cream Lip Stain Liquid Lipstick,39 Frozen Strawberry,"(183, 136, 128)","(255, 37, 0)",#b78880,76,183,255,37,0
133,SEPHORA COLLECTION,Cream Lip Stain Liquid Lipstick,40 Pink Tea,"(174, 137, 129)","(255, 45, 0)",#ae8981,65,174,255,45,0
134,SEPHORA COLLECTION,Cream Lip Stain Liquid Lipstick,41 Vintage Rosewood,"(184, 131, 127)","(255, 18, 0)",#b8837f,78,184,255,18,0
135,SEPHORA COLLECTION,Cream Lip Stain Liquid Lipstick,42 Rose Wood,"(163, 103, 102)","(255, 4, 0)",#a36766,95,163,255,4,0
136,SEPHORA COLLECTION,Cream Lip Stain Liquid Lipstick,69 Hippy Pink,"(227, 151, 153)","(255, 0, 7)",#e39799,85,227,255,0,7
137,SEPHORA COLLECTION,Cream Lip Stain Liquid Lipstick,70 First Date,"(203, 123, 116)","(255, 21, 0)",#cb7b74,109,203,255,21,0
138,SEPHORA COLLECTION,Cream Lip Stain Liquid Lipstick,72 Alter-ego,"(195, 152, 136)","(255, 69, 0)",#c39888,77,195,255,69,0
139,SEPHORA COLLECTION,Cream Lip Stain Liquid Lipstick,76 Blaze of Glory,"(157, 94, 76)","(255, 57, 0)",#9d5e4c,131,157,255,57,0
140,SEPHORA COLLECTION,Cream Lip Stain Liquid Lipstick,78 Chili Pepper,"(203, 67, 51)","(255, 27, 0)",#cb4333,190,203,255,27,0
141,SEPHORA COLLECTION,Cream Lip Stain Liquid Lipstick,80 Honeymoon,"(195, 121, 108)","(255, 38, 0)",#c3796c,113,195,255,38,0
142,SEPHORA COLLECTION,Cream Lip Stain Liquid Lipstick,81 Daydreaming,"(215, 143, 154)","(255, 0, 39)",#d78f9a,85,215,255,0,39
143,SEPHORA COLLECTION,Cream Lip Stain Liquid Lipstick,82 Warm Kiss,"(173, 123, 116)","(255, 31, 0)",#ad7b74,84,173,255,31,0
144,SEPHORA COLLECTION,Cream Lip Stain Liquid Lipstick,83 Cinder Rose,"(181, 132, 136)","(255, 0, 21)",#b58488,69,181,255,0,21
145,SEPHORA COLLECTION,Cream Lip Stain Liquid Lipstick,84 Rose Redux,"(193, 107, 110)","(255, 0, 9)",#c16b6e,113,193,255,0,9
146,SEPHORA COLLECTION,Cream Lip Stain Liquid Lipstick,85 Rosewood,"(206, 128, 141)","(255, 0, 43)",#ce808d,96,206,255,0,43
147,SEPHORA COLLECTION,Cream Lip Stain Liquid Lipstick,86 English Rose,"(166, 88, 101)","(255, 0, 43)",#a65865,119,166,255,0,43
148,SEPHORA COLLECTION,Cream Lip Stain Liquid Lipstick,87 Very Vintage,"(143, 88, 107)","(255, 0, 88)",#8f586b,98,143,255,0,88
149,SEPHORA COLLECTION,Cream Lip Stain Liquid Lipstick,90 Sunrise Pink,"(196, 59, 111)","(255, 0, 97)",#c43b6f,178,196,255,0,97
150,FENTY BEAUTY BY RIHANNA,Gloss Bomb Dip Clip-On Universal Lip Gloss,Fu$$y (6 g),"(162, 96, 110)","(255, 0, 54)",#a2606e,103,162,255,0,54
151,FENTY BEAUTY BY RIHANNA,Gloss Bomb Dip Clip-On Universal Lip Gloss,Hot Chocolit (6 g),"(104, 64, 65)","(255, 0, 6)",#684041,98,104,255,0,6
152,SEPHORA COLLECTION,Lip Blush Soft Matte Lip Color,01 Cashmere Kiss,"(174, 92, 71)","(255, 52, 0)",#ae5c47,150,174,255,52,0
153,NUDESTIX,Sunkissed Nudes Mini Set,3 pcs,"(176, 90, 75)","(255, 38, 0)",#b05a4b,146,176,255,38,0
154,FENTY BEAUTY BY RIHANNA, Gloss Bomb Doubletake Duo Gloss Set,Cupcakin' & Bubble Binge (2 x 9 ml),"(255, 61, 147)","(255, 0, 113)",#ff3d93,194,255,255,0,113
155,SEPHORA COLLECTION,Cream Lip Stain Liquid Lipstick,92 Flaming Flamingo,"(255, 105, 156)","(255, 0, 87)",#ff699c,150,255,255,0,87
156,SEPHORA COLLECTION,Cream Lip Stain Liquid Lipstick,94 Cherry Moon,"(166, 33, 64)","(255, 0, 59)",#a62140,204,166,255,0,59
157,SEPHORA COLLECTION,Cream Lip Stain Liquid Lipstick,96 Red Velvet,"(149, 62, 68)","(255, 0, 18)",#953e44,148,149,255,0,18
158,SEPHORA COLLECTION,Cream Lip Stain Liquid Lipstick,97 Red Desert,"(124, 48, 52)","(255, 0, 13)",#7c3034,156,124,255,0,13
159,SEPHORA COLLECTION,Cream Lip Stain Liquid Lipstick,99 Purple Red,"(95, 52, 59)","(255, 0, 42)",#5f343b,115,95,255,0,42
160,SEPHORA COLLECTION,Cream Lip Stain Liquid Lipstick,101 Plum Aurora,"(119, 42, 96)","(255, 0, 179)",#772a60,165,119,255,0,179
161,SEPHORA COLLECTION,Lip Blush Soft Matte Lip Color,02 Crushed Velour,"(176, 60, 69)","(255, 0, 20)",#b03c45,168,176,255,0,20
162,SEPHORA COLLECTION,Lip Blush Soft Matte Lip Color,"03 Velvet Sunset (3,60 ml)","(254, 37, 22)","(255, 16, 0)",#fe2516,232,254,255,16,0
163,SEPHORA COLLECTION,Lip Blush Soft Matte Lip Color,04 Kiss Me Softly,"(218, 35, 55)","(255, 0, 28)",#da2337,214,218,255,0,28
164,SEPHORA COLLECTION,Lip Blush Soft Matte Lip Color,05 Smooth Operator,"(192, 47, 102)","(255, 0, 97)",#c02f66,192,192,255,0,97
165,SEPHORA COLLECTION,Lip Blush Soft Matte Lip Color,06 Cotton Candy,"(210, 56, 106)","(255, 0, 83)",#d2386a,187,210,255,0,83
166,SEPHORA COLLECTION,Lip Blush Soft Matte Lip Color,"07 Blown Kiss (3,60 ml)","(208, 92, 105)","(255, 0, 29)",#d05c69,142,208,255,0,29
167,SEPHORA COLLECTION,Lip Blush Soft Matte Lip Color,09 Desert Cloud,"(185, 71, 70)","(255, 2, 0)",#b94746,158,185,255,2,0
168,SEPHORA COLLECTION,Lip Blush Soft Matte Lip Color,"11 Cuddle Time (3,60 ml)","(164, 83, 98)","(255, 0, 47)",#a45362,125,164,255,0,47
169,SEPHORA COLLECTION,Lip Blush Soft Matte Lip Color,12 Pillow Fight,"(214, 93, 100)","(255, 0, 15)",#d65d64,144,214,255,0,15
170,KVD VEGAN BEAUTY,Everlasting Liquid Lipstick,Lolita - Rose brun,"(197, 140, 146)","(255, 0, 27)",#c58c92,73,197,255,0,27
171,HUDA BEAUTY, Power Bullet Cream Glow Lipstick,BUTTERCUP (3 gr),"(251, 155, 131)","(255, 51, 0)",#fb9b83,121,251,255,51,0
172,SEPHORA COLLECTION,Rouge Matte Lipstick,01 IN THE LIME,"(164, 72, 83)","(255, 0, 30)",#a44853,143,164,255,0,30
173,KVD VEGAN BEAUTY,Everlasting Liquid Lipstick,Bow N Arrow - Nude fauve,"(203, 158, 153)","(255, 26, 0)",#cb9e99,62,203,255,26,0
174,KVD VEGAN BEAUTY,Everlasting Liquid Lipstick,Lovesick - Nude mauve,"(186, 126, 138)","(255, 0, 51)",#ba7e8a,82,186,255,0,51
175,KVD VEGAN BEAUTY,Everlasting Liquid Lipstick,Lolita II - Nude terracotta,"(216, 146, 144)","(255, 7, 0)",#d89290,85,216,255,7,0
176,KVD VEGAN BEAUTY,Everlasting Liquid Lipstick,Mother - Rose mauve poudré,"(220, 140, 165)","(255, 0, 80)",#dc8ca5,92,220,255,0,80
177,KVD VEGAN BEAUTY,Everlasting Liquid Lipstick,Berlin - Rose chaud,"(238, 112, 150)","(255, 0, 77)",#ee7096,135,238,255,0,77
178,KVD VEGAN BEAUTY,Everlasting Liquid Lipstick,Double Dare - Rose cacao,"(233, 146, 152)","(255, 0, 18)",#e99298,95,233,255,0,18
179,KVD VEGAN BEAUTY,Everlasting Liquid Lipstick,Outlaw - Rouge brique,"(208, 8, 37)","(255, 0, 37)",#d00825,245,208,255,0,37
180,KVD VEGAN BEAUTY,Everlasting Liquid Lipstick,Nahz Fur Atoo - Pourpre,"(174, 73, 81)","(255, 0, 20)",#ae4951,148,174,255,0,20
181,KVD VEGAN BEAUTY,Everlasting Liquid Lipstick,"Vampira (6,6 ml)","(144, 77, 95)","(255, 0, 69)",#904d5f,118,144,255,0,69
182,KVD VEGAN BEAUTY,Everlasting Liquid Lipstick,Exorcism - Mûre,"(150, 90, 116)","(255, 0, 110)",#965a74,102,150,255,0,110
183,KVD VEGAN BEAUTY,Everlasting Liquid Lipstick,Ludwig - nude fawn,"(201, 156, 150)","(255, 30, 0)",#c99c96,64,201,255,30,0
184,KVD VEGAN BEAUTY,Everlasting Liquid Lipstick,Roxy,"(109, 55, 139)","(164, 0, 255)",#6d378b,154,139,164,0,255
185,KVD VEGAN BEAUTY,Everlasting Liquid Lipstick,Lovecraft,"(196, 111, 114)","(255, 0, 9)",#c46f72,110,196,255,0,9
186,HUDA BEAUTY, Power Bullet Cream Glow Lipstick,ANGEL (3 gr),"(243, 154, 146)","(255, 21, 0)",#f39a92,101,243,255,21,0
187,HUDA BEAUTY, Power Bullet Cream Glow Lipstick,HONEY BUN (3 gr),"(247, 148, 125)","(255, 48, 0)",#f7947d,125,247,255,48,0
188,HUDA BEAUTY, Power Bullet Cream Glow Lipstick,SWEET CHEEKS,"(214, 133, 116)","(255, 44, 0)",#d68574,116,214,255,44,0
189,HUDA BEAUTY, Power Bullet Cream Glow Lipstick,BABY FACE (3 gr),"(191, 119, 105)","(255, 42, 0)",#bf7769,114,191,255,42,0
190,HUDA BEAUTY, Power Bullet Cream Glow Lipstick,HABIBI (3 gr),"(181, 109, 97)","(255, 36, 0)",#b56d61,118,181,255,36,0
191,HUDA BEAUTY, Power Bullet Cream Glow Lipstick,AMORE (3 gr),"(135, 77, 65)","(255, 44, 0)",#874d41,132,135,255,44,0
192,HUDA BEAUTY, Power Bullet Cream Glow Lipstick,EMPRESS (3 gr),"(243, 175, 138)","(255, 90, 0)",#f3af8a,110,243,255,90,0
193,HUDA BEAUTY, Power Bullet Cream Glow Lipstick,RAJAH (3 gr),"(232, 152, 117)","(255, 78, 0)",#e89875,126,232,255,78,0
194,HUDA BEAUTY, Power Bullet Cream Glow Lipstick,HUSTLA (3 gr),"(237, 147, 121)","(255, 57, 0)",#ed9379,124,237,255,57,0
195,HUDA BEAUTY, Power Bullet Cream Glow Lipstick,MONEY MAKER (3 gr),"(205, 128, 100)","(255, 68, 0)",#cd8064,130,205,255,68,0
196,HUDA BEAUTY, Power Bullet Cream Glow Lipstick,GOAL DIGGER (3 gr),"(170, 119, 88)","(255, 96, 0)",#aa7758,123,170,255,96,0
197,HUDA BEAUTY, Power Bullet Cream Glow Lipstick,BOSS CHICK (3 gr),"(190, 108, 84)","(255, 58, 0)",#be6c54,142,190,255,58,0
198,HUDA BEAUTY, Power Bullet Cream Glow Lipstick,SELF MADE (3 gr),"(151, 97, 73)","(255, 78, 0)",#976149,131,151,255,78,0
199,SEPHORA COLLECTION,Rouge Matte Lipstick,03 NO SUPER,"(168, 94, 111)","(255, 0, 59)",#a85e6f,112,168,255,0,59
200,SEPHORA COLLECTION,Rouge Matte Lipstick,07 YOU ROCK!,"(150, 59, 54)","(255, 13, 0)",#963b36,163,150,255,13,0
201,SEPHORA COLLECTION,Rouge Matte Lipstick,08 RISE TO,"(147, 69, 69)","(255, 0, 0)",#934545,135,147,255,0,0
202,SEPHORA COLLECTION,Rouge Matte Lipstick,25 BOY OH BOY!,"(171, 99, 85)","(255, 42, 0)",#ab6355,128,171,255,42,0
203,SEPHORA COLLECTION,Rouge Matte Lipstick,11 WHO CARES?,"(153, 86, 95)","(255, 0, 34)",#99565f,111,153,255,0,34
204,SEPHORA COLLECTION,Rouge Matte Lipstick,13 SO WHAT?,"(185, 33, 58)","(255, 0, 42)",#b9213a,209,185,255,0,42
205,SEPHORA COLLECTION,Rouge Matte Lipstick,15 NO FEAR,"(163, 76, 82)","(255, 0, 18)",#a34c52,136,163,255,0,18
206,SEPHORA COLLECTION,Rouge Matte Lipstick,18 WATCH OUT!,"(142, 50, 55)","(255, 0, 14)",#8e3237,165,142,255,0,14
207,SEPHORA COLLECTION,Rouge Matte Lipstick,19 FEVER PITCH,"(132, 25, 71)","(255, 0, 110)",#841947,206,132,255,0,110
208,SEPHORA COLLECTION,Rouge Matte Lipstick,02 KEEP GOING,"(166, 109, 98)","(255, 41, 0)",#a66d62,104,166,255,41,0
209,SEPHORA COLLECTION,Rouge Matte Lipstick,06 FOR THE WIN,"(157, 71, 80)","(255, 0, 27)",#9d4750,139,157,255,0,27
210,FENTY BEAUTY BY RIHANNA,Stunna Lip Paint Longwear Fluid Lip Color,Uncensored,"(182, 31, 38)","(255, 0, 12)",#b61f26,211,182,255,0,12
211,FENTY BEAUTY BY RIHANNA,Stunna Lip Paint Longwear Fluid Lip Color,Unbutton,"(198, 146, 125)","(255, 73, 0)",#c6927d,94,198,255,73,0
212,FENTY BEAUTY BY RIHANNA,Stunna Lip Paint Longwear Fluid Lip Color,Uncuffed,"(154, 96, 95)","(255, 4, 0)",#9a605f,97,154,255,4,0
213,FENTY BEAUTY BY RIHANNA,Stunna Lip Paint Longwear Fluid Lip Color,Unveil,"(128, 91, 73)","(255, 83, 0)",#805b49,109,128,255,83,0
214,FENTY BEAUTY BY RIHANNA,Stunna Lip Paint Longwear Fluid Lip Color,Uninvited,"(41, 40, 46)","(43, 0, 255)",#29282e,33,46,43,0,255
215,FENTY BEAUTY BY RIHANNA,Stunna Lip Paint Longwear Fluid Lip Color,Unlocked,"(227, 3, 76)","(255, 0, 83)",#e3034c,251,227,255,0,83
216,FENTY BEAUTY BY RIHANNA,Stunna Lip Paint Longwear Fluid Lip Color,Unattached,"(207, 68, 73)","(255, 0, 9)",#cf4449,171,207,255,0,9
217,FENTY BEAUTY BY RIHANNA,Stunna Lip Paint Longwear Fluid Lip Color,Undefeated,"(83, 56, 75)","(255, 0, 179)",#53384b,82,83,255,0,179
218,FENTY BEAUTY BY RIHANNA,Stunna Lip Paint Longwear Fluid Lip Color,Underdawg (4 ml),"(73, 20, 30)","(255, 0, 48)",#49141e,185,73,255,0,48
219,FENTY BEAUTY BY RIHANNA,Slip Shine Sheer Shiny Lipstick,"Glazed (2,8 g)","(183, 131, 118)","(255, 51, 0)",#b78376,90,183,255,51,0
220,FENTY BEAUTY BY RIHANNA,Slip Shine Sheer Shiny Lipstick,"Tang Thang (2,8 g)","(226, 71, 43)","(255, 39, 0)",#e2472b,206,226,255,39,0
221,FENTY BEAUTY BY RIHANNA,Slip Shine Sheer Shiny Lipstick,"Goji Gang (2,8 g)","(127, 62, 58)","(255, 15, 0)",#7f3e3a,138,127,255,15,0
222,FENTY BEAUTY BY RIHANNA,Slip Shine Sheer Shiny Lipstick,"$uga Kiss (2,8 g)","(240, 159, 178)","(255, 0, 60)",#f09fb2,86,240,255,0,60
223,FENTY BEAUTY BY RIHANNA,Slip Shine Sheer Shiny Lipstick,"Bubble Rum (2,8 g)","(125, 85, 75)","(255, 51, 0)",#7d554b,102,125,255,51,0
224,FENTY BEAUTY BY RIHANNA,Slip Shine Sheer Shiny Lipstick,"Cookies Et Cocoa (2,8 g)","(141, 83, 72)","(255, 41, 0)",#8d5348,124,141,255,41,0
225,FENTY BEAUTY BY RIHANNA,Slip Shine Sheer Shiny Lipstick,"Makeout Break (2,8 g)","(174, 116, 102)","(255, 50, 0)",#ae7466,105,174,255,50,0
226,FENTY BEAUTY BY RIHANNA,Slip Shine Sheer Shiny Lipstick,"Vamps Who Brunch (2,8 g)","(46, 34, 44)","(255, 0, 212)",#2e222c,66,46,255,0,212
227,FENTY BEAUTY BY RIHANNA,Slip Shine Sheer Shiny Lipstick,"Retro Rose (2,8 g)","(183, 119, 110)","(255, 31, 0)",#b7776e,101,183,255,31,0
228,FENTY BEAUTY BY RIHANNA,Slip Shine Sheer Shiny Lipstick,"Quartz Candy (2,8 g)","(239, 235, 224)","(255, 187, 0)",#efebe0,16,239,255,187,0
229,TOO FACED,Too Femme Heart Core Lipstick,"Crazy for You 2,8 g","(223, 24, 79)","(255, 0, 70)",#df184f,227,223,255,0,70
230,TOO FACED,Too Femme Heart Core Lipstick,"Heart Core - 2,8 g","(178, 0, 36)","(255, 0, 52)",#b20024,255,178,255,0,52
231,TOO FACED,Too Femme Heart Core Lipstick,"Never Grow Up - 2,8 g","(161, 63, 78)","(255, 0, 39)",#a13f4e,155,161,255,0,39
232,TOO FACED,Too Femme Heart Core Lipstick,"Nothing Compares 2 U - 2,8 g","(187, 18, 37)","(255, 0, 29)",#bb1225,230,187,255,0,29
233,TOO FACED,Too Femme Heart Core Lipstick,"Sweet Tea - 2,8 g","(112, 40, 51)","(255, 0, 39)",#702833,163,112,255,0,39
234,TOO FACED,Too Femme Heart Core Lipstick,"Too Femme - 2,8 g","(146, 61, 82)","(255, 0, 63)",#923d52,148,146,255,0,63
